fish_id,replicate_number,diet_treatment,timepoint,bm_g,acute_temperature,fh_bpm,t_arr
OPAL_49,1,Omni,14,11.62,17.9,118.93,30.2
OPAL_49,1,Omni,14,11.62,18.8,124.48,30.2
OPAL_49,1,Omni,14,11.62,19.8,134.12,30.2
OPAL_49,1,Omni,14,11.62,21.2,143.56,30.2
OPAL_49,1,Omni,14,11.62,22,153.8,30.2
OPAL_49,1,Omni,14,11.62,22.9,164.54,30.2
OPAL_49,1,Omni,14,11.62,23.8,174.05,30.2
OPAL_49,1,Omni,14,11.62,24.8,181.59,30.2
OPAL_49,1,Omni,14,11.62,25.9,190.13,30.2
OPAL_49,1,Omni,14,11.62,26.8,196.86,30.2
OPAL_49,1,Omni,14,11.62,27.9,202.44,30.2
OPAL_49,1,Omni,14,11.62,28.8,205.16,30.2
OPAL_49,1,Omni,14,11.62,29.6,205.66,30.2
OPAL_49,1,Omni,14,11.62,30.6,187.26,30.2
OPAL_1,1,Omni,0,59.58,13.2,74.73,27.3
OPAL_1,1,Omni,0,59.58,14,78.41,27.3
OPAL_1,1,Omni,0,59.58,15,82.43,27.3
OPAL_1,1,Omni,0,59.58,15.9,89.23,27.3
OPAL_1,1,Omni,0,59.58,17.1,96.76,27.3
OPAL_1,1,Omni,0,59.58,18.1,104.83,27.3
OPAL_1,1,Omni,0,59.58,18.9,109.35,27.3
OPAL_1,1,Omni,0,59.58,19.9,114.57,27.3
OPAL_1,1,Omni,0,59.58,21,120.06,27.3
OPAL_1,1,Omni,0,59.58,21.9,124.58,27.3
OPAL_1,1,Omni,0,59.58,22.8,127.17,27.3
OPAL_1,1,Omni,0,59.58,24.2,132.73,27.3
OPAL_1,1,Omni,0,59.58,25.1,134.77,27.3
OPAL_1,1,Omni,0,59.58,26.3,135.78,27.3
OPAL_1,1,Omni,0,59.58,27.3,131.43,27.3
OPAL_1,1,Omni,0,59.58,28.3,90.83,27.3
OPAL_3,1,Carn,0,33.17,11.5,64.35,29.7
OPAL_3,1,Carn,0,33.17,12,66.74,29.7
OPAL_3,1,Carn,0,33.17,13.1,72.79,29.7
OPAL_3,1,Carn,0,33.17,14.2,80.47,29.7
OPAL_3,1,Carn,0,33.17,15.1,90.85,29.7
OPAL_3,1,Carn,0,33.17,16.3,97.97,29.7
OPAL_3,1,Carn,0,33.17,17.1,107.04,29.7
OPAL_3,1,Carn,0,33.17,18.1,112.93,29.7
OPAL_3,1,Carn,0,33.17,19.2,123.28,29.7
OPAL_3,1,Carn,0,33.17,20,134.34,29.7
OPAL_3,1,Carn,0,33.17,21,140.5,29.7
OPAL_3,1,Carn,0,33.17,21.9,149.77,29.7
OPAL_3,1,Carn,0,33.17,23,163.59,29.7
OPAL_3,1,Carn,0,33.17,24.1,172.5,29.7
OPAL_3,1,Carn,0,33.17,25.2,177.88,29.7
OPAL_3,1,Carn,0,33.17,26,179.89,29.7
OPAL_3,1,Carn,0,33.17,27.3,180.43,29.7
OPAL_3,1,Carn,0,33.17,27.9,180.31,29.7
OPAL_3,1,Carn,0,33.17,30.2,180.31,29.7
OPAL_3,1,Carn,0,33.17,31.7,145.55,29.7
OPAL_51,2,Carn,0,46.87,12.2,66.97,27.7
OPAL_51,2,Carn,0,46.87,13,70.62,27.7
OPAL_51,2,Carn,0,46.87,13.8,77.7,27.7
OPAL_51,2,Carn,0,46.87,14.8,84.97,27.7
OPAL_51,2,Carn,0,46.87,15.7,91.72,27.7
OPAL_51,2,Carn,0,46.87,16.8,99.42,27.7
OPAL_51,2,Carn,0,46.87,17.8,107.29,27.7
OPAL_51,2,Carn,0,46.87,18.7,114.85,27.7
OPAL_51,2,Carn,0,46.87,19.5,120.54,27.7
OPAL_51,2,Carn,0,46.87,21,132.22,27.7
OPAL_51,2,Carn,0,46.87,21.8,139.19,27.7
OPAL_51,2,Carn,0,46.87,22.8,146.47,27.7
OPAL_51,2,Carn,0,46.87,23.8,151.4,27.7
OPAL_51,2,Carn,0,46.87,24.8,155.76,27.7
OPAL_51,2,Carn,0,46.87,25.7,156.36,27.7
OPAL_51,2,Carn,0,46.87,26.8,154.16,27.7
OPAL_51,2,Carn,0,46.87,27.8,135.15,27.7
OPAL_55,2,Omni,0,45.88,12.3,69.74,26.6
OPAL_55,2,Omni,0,45.88,12.6,72.44,26.6
OPAL_55,2,Omni,0,45.88,13.7,80.31,26.6
OPAL_55,2,Omni,0,45.88,14.8,88.63,26.6
OPAL_55,2,Omni,0,45.88,15.8,96.79,26.6
OPAL_55,2,Omni,0,45.88,16.3,99.84,26.6
OPAL_55,2,Omni,0,45.88,17.7,109.74,26.6
OPAL_55,2,Omni,0,45.88,19,119.06,26.6
OPAL_55,2,Omni,0,45.88,20.1,126.69,26.6
OPAL_55,2,Omni,0,45.88,21.1,132.7,26.6
OPAL_55,2,Omni,0,45.88,22,137.48,26.6
OPAL_55,2,Omni,0,45.88,23,141.52,26.6
OPAL_55,2,Omni,0,45.88,24,143.68,26.6
OPAL_55,2,Omni,0,45.88,24.9,143.15,26.6
OPAL_55,2,Omni,0,45.88,25.9,139.27,26.6
OPAL_55,2,Omni,0,45.88,26.8,84.02,26.6
OPAL_87,2,Carn,14,35.25,18.1,115.67,32.6
OPAL_87,2,Carn,14,35.25,18.6,120.2,32.6
OPAL_87,2,Carn,14,35.25,19.8,132,32.6
OPAL_87,2,Carn,14,35.25,21.1,142.62,32.6
OPAL_87,2,Carn,14,35.25,22.1,153.52,32.6
OPAL_87,2,Carn,14,35.25,23,164.48,32.6
OPAL_87,2,Carn,14,35.25,23.9,173.41,32.6
OPAL_87,2,Carn,14,35.25,25.1,181.84,32.6
OPAL_87,2,Carn,14,35.25,26.2,190.46,32.6
OPAL_87,2,Carn,14,35.25,26.9,196.57,32.6
OPAL_87,2,Carn,14,35.25,28,202.06,32.6
OPAL_87,2,Carn,14,35.25,29,206.41,32.6
OPAL_87,2,Carn,14,35.25,30.3,211.19,32.6
OPAL_87,2,Carn,14,35.25,30.6,216.14,32.6
OPAL_87,2,Carn,14,35.25,32.2,216.8,32.6
OPAL_87,2,Carn,14,35.25,33.2,169.29,32.6
OPAL_91,2,Carn,14,11.27,18.3,118.77,31.4
OPAL_91,2,Carn,14,11.27,18.9,125.24,31.4
OPAL_91,2,Carn,14,11.27,20,136.55,31.4
OPAL_91,2,Carn,14,11.27,21.1,146.27,31.4
OPAL_91,2,Carn,14,11.27,22,153.79,31.4
OPAL_91,2,Carn,14,11.27,23,162.5,31.4
OPAL_91,2,Carn,14,11.27,24.5,175.62,31.4
OPAL_91,2,Carn,14,11.27,25,181.61,31.4
OPAL_91,2,Carn,14,11.27,25.7,189.3,31.4
OPAL_91,2,Carn,14,11.27,26.6,198.52,31.4
OPAL_91,2,Carn,14,11.27,27.8,207.2,31.4
OPAL_91,2,Carn,14,11.27,28.8,213.95,31.4
OPAL_91,2,Carn,14,11.27,30,218.16,31.4
OPAL_91,2,Carn,14,11.27,31.1,214.65,31.4
OPAL_91,2,Carn,14,11.27,32,155.85,31.4
OPAL_93,3,Herb,0,41.04,12,70.75,25
OPAL_93,3,Herb,0,41.04,12.8,72.58,25
OPAL_93,3,Herb,0,41.04,13.9,80.2,25
OPAL_93,3,Herb,0,41.04,15,87.7,25
OPAL_93,3,Herb,0,41.04,16.1,95.75,25
OPAL_93,3,Herb,0,41.04,16.9,102.07,25
OPAL_93,3,Herb,0,41.04,17.9,109.78,25
OPAL_93,3,Herb,0,41.04,18.8,116.06,25
OPAL_93,3,Herb,0,41.04,20,126.33,25
OPAL_93,3,Herb,0,41.04,20.9,133.87,25
OPAL_93,3,Herb,0,41.04,21.9,141.85,25
OPAL_93,3,Herb,0,41.04,22.9,148.05,25
OPAL_93,3,Herb,0,41.04,24,151.68,25
OPAL_93,3,Herb,0,41.04,25,144.37,25
OPAL_97,3,Omni,0,53.58,12.3,70.23,30
OPAL_97,3,Omni,0,53.58,12.8,73.63,30
OPAL_97,3,Omni,0,53.58,13.8,80.62,30
OPAL_97,3,Omni,0,53.58,14.9,89.33,30
OPAL_97,3,Omni,0,53.58,16,98.15,30
OPAL_97,3,Omni,0,53.58,17,106.59,30
OPAL_97,3,Omni,0,53.58,18,114.93,30
OPAL_97,3,Omni,0,53.58,18.9,124.21,30
OPAL_97,3,Omni,0,53.58,20,131.2,30
OPAL_97,3,Omni,0,53.58,21.1,142.68,30
OPAL_97,3,Omni,0,53.58,22.5,157.6,30
OPAL_97,3,Omni,0,53.58,22.9,163.69,30
OPAL_97,3,Omni,0,53.58,24,173.33,30
OPAL_97,3,Omni,0,53.58,25,182.45,30
OPAL_97,3,Omni,0,53.58,25.9,187.22,30
OPAL_97,3,Omni,0,53.58,27.1,193.84,30
OPAL_97,3,Omni,0,53.58,28.1,194.03,30
OPAL_97,3,Omni,0,53.58,28.9,191.06,30
OPAL_97,3,Omni,0,53.58,30.1,161.94,30
OPAL_129,3,Omni,14,55.28,18.3,119.53,34.8
OPAL_129,3,Omni,14,55.28,19.1,124.99,34.8
OPAL_129,3,Omni,14,55.28,20.2,133.17,34.8
OPAL_129,3,Omni,14,55.28,21.1,142.27,34.8
OPAL_129,3,Omni,14,55.28,21.8,147.03,34.8
OPAL_129,3,Omni,14,55.28,23.2,155.09,34.8
OPAL_129,3,Omni,14,55.28,23.9,159.89,34.8
OPAL_129,3,Omni,14,55.28,24.9,166.05,34.8
OPAL_129,3,Omni,14,55.28,25.8,171.62,34.8
OPAL_129,3,Omni,14,55.28,27,176.58,34.8
OPAL_129,3,Omni,14,55.28,27.8,180.55,34.8
OPAL_129,3,Omni,14,55.28,29,185.85,34.8
OPAL_129,3,Omni,14,55.28,30.1,187.12,34.8
OPAL_129,3,Omni,14,55.28,31.1,185.29,34.8
OPAL_129,3,Omni,14,55.28,31.9,176.39,34.8
OPAL_129,3,Omni,14,55.28,32.9,171.85,34.8
OPAL_129,3,Omni,14,55.28,33.7,162.99,34.8
OPAL_129,3,Omni,14,55.28,34.8,149.93,34.8
OPAL_137,4,Carn,0,69.75,12,66.53,28.4
OPAL_137,4,Carn,0,69.75,13.3,73.13,28.4
OPAL_137,4,Carn,0,69.75,14.1,80.39,28.4
OPAL_137,4,Carn,0,69.75,15.1,87.93,28.4
OPAL_137,4,Carn,0,69.75,16,93.59,28.4
OPAL_137,4,Carn,0,69.75,17,102.58,28.4
OPAL_137,4,Carn,0,69.75,18,109.04,28.4
OPAL_137,4,Carn,0,69.75,19,118.19,28.4
OPAL_137,4,Carn,0,69.75,20,125.25,28.4
OPAL_137,4,Carn,0,69.75,21.1,133.95,28.4
OPAL_137,4,Carn,0,69.75,21.9,143.95,28.4
OPAL_137,4,Carn,0,69.75,23,155.75,28.4
OPAL_137,4,Carn,0,69.75,24,161.4,28.4
OPAL_137,4,Carn,0,69.75,25.1,165.56,28.4
OPAL_137,4,Carn,0,69.75,26.2,167.79,28.4
OPAL_137,4,Carn,0,69.75,27,166.05,28.4
OPAL_137,4,Carn,0,69.75,27.8,158.97,28.4
OPAL_137,4,Carn,0,69.75,28.6,122.64,28.4
OPAL_163,4,Herb,14,37.89,18.4,111.58,33.9
OPAL_163,4,Herb,14,37.89,18.9,115.64,33.9
OPAL_163,4,Herb,14,37.89,19.7,123.09,33.9
OPAL_163,4,Herb,14,37.89,20.7,131.11,33.9
OPAL_163,4,Herb,14,37.89,21.9,140.77,33.9
OPAL_163,4,Herb,14,37.89,23.1,151.74,33.9
OPAL_163,4,Herb,14,37.89,24.1,159.21,33.9
OPAL_163,4,Herb,14,37.89,25,167.47,33.9
OPAL_163,4,Herb,14,37.89,26,174,33.9
OPAL_163,4,Herb,14,37.89,27,178.36,33.9
OPAL_163,4,Herb,14,37.89,28.1,181.52,33.9
OPAL_163,4,Herb,14,37.89,29,182.6,33.9
OPAL_163,4,Herb,14,37.89,29.9,180.66,33.9
OPAL_163,4,Herb,14,37.89,31.1,180.73,33.9
OPAL_163,4,Herb,14,37.89,32,174.76,33.9
OPAL_163,4,Herb,14,37.89,32.8,176.54,33.9
OPAL_163,4,Herb,14,37.89,34,180.38,33.9
OPAL_177,5,Carn,0,49.12,13.2,70.75,28.7
OPAL_177,5,Carn,0,49.12,13.7,73.62,28.7
OPAL_177,5,Carn,0,49.12,14.2,76.68,28.7
OPAL_177,5,Carn,0,49.12,14.8,80.89,28.7
OPAL_177,5,Carn,0,49.12,15.7,86.58,28.7
OPAL_177,5,Carn,0,49.12,16.8,94.35,28.7
OPAL_177,5,Carn,0,49.12,18,104.12,28.7
OPAL_177,5,Carn,0,49.12,19,111.51,28.7
OPAL_177,5,Carn,0,49.12,20.1,119.63,28.7
OPAL_177,5,Carn,0,49.12,21.2,128.38,28.7
OPAL_177,5,Carn,0,49.12,22.2,135.84,28.7
OPAL_177,5,Carn,0,49.12,23.4,144.52,28.7
OPAL_177,5,Carn,0,49.12,24.3,149.12,28.7
OPAL_177,5,Carn,0,49.12,25.1,150.83,28.7
OPAL_177,5,Carn,0,49.12,25.9,148.4,28.7
OPAL_177,5,Carn,0,49.12,26.9,142.05,28.7
OPAL_177,5,Carn,0,49.12,27.9,138.51,28.7
OPAL_177,5,Carn,0,49.12,28.7,134.46,28.7
OPAL_177,5,Carn,0,49.12,29.6,145.02,28.7
OPAL_181,5,Omni,0,28.84,12.7,75.07,30.4
OPAL_181,5,Omni,0,28.84,13,76.67,30.4
OPAL_181,5,Omni,0,28.84,13.6,80.48,30.4
OPAL_181,5,Omni,0,28.84,14.5,87.14,30.4
OPAL_181,5,Omni,0,28.84,15.6,96.19,30.4
OPAL_181,5,Omni,0,28.84,16.7,105.99,30.4
OPAL_181,5,Omni,0,28.84,17.9,118.24,30.4
OPAL_181,5,Omni,0,28.84,19.1,128.52,30.4
OPAL_181,5,Omni,0,28.84,20.1,138.49,30.4
OPAL_181,5,Omni,0,28.84,21.2,148.69,30.4
OPAL_181,5,Omni,0,28.84,22.5,159.9,30.4
OPAL_181,5,Omni,0,28.84,23.2,163.81,30.4
OPAL_181,5,Omni,0,28.84,24,166.88,30.4
OPAL_181,5,Omni,0,28.84,25,173.28,30.4
OPAL_181,5,Omni,0,28.84,26.2,182.45,30.4
OPAL_181,5,Omni,0,28.84,27,187.5,30.4
OPAL_181,5,Omni,0,28.84,28.2,192.48,30.4
OPAL_181,5,Omni,0,28.84,29.5,192.48,30.4
OPAL_181,5,Omni,0,28.84,29.9,187.28,30.4
OPAL_181,5,Omni,0,28.84,31,164.06,30.4
OPAL_185,5,Omni,0,25.5,12.4,69.76,34.8
OPAL_185,5,Omni,0,25.5,13,75.93,34.8
OPAL_185,5,Omni,0,25.5,13.6,80.4,34.8
OPAL_185,5,Omni,0,25.5,14.8,88.7,34.8
OPAL_185,5,Omni,0,25.5,16.1,99.08,34.8
OPAL_185,5,Omni,0,25.5,17.3,107.11,34.8
OPAL_185,5,Omni,0,25.5,18.2,113.71,34.8
OPAL_185,5,Omni,0,25.5,19.1,117.65,34.8
OPAL_185,5,Omni,0,25.5,20,123.86,34.8
OPAL_185,5,Omni,0,25.5,21.1,130.9,34.8
OPAL_185,5,Omni,0,25.5,22,136.02,34.8
OPAL_185,5,Omni,0,25.5,22.9,140.98,34.8
OPAL_185,5,Omni,0,25.5,24,148.31,34.8
OPAL_185,5,Omni,0,25.5,25,151.55,34.8
OPAL_185,5,Omni,0,25.5,26,152.6,34.8
OPAL_185,5,Omni,0,25.5,27,152.61,34.8
OPAL_185,5,Omni,0,25.5,28,149.59,34.8
OPAL_185,5,Omni,0,25.5,29.1,153.38,34.8
OPAL_185,5,Omni,0,25.5,30.1,155.32,34.8
OPAL_185,5,Omni,0,25.5,31,155.99,34.8
OPAL_185,5,Omni,0,25.5,32,160.18,34.8
OPAL_185,5,Omni,0,25.5,33.1,159.64,34.8
OPAL_185,5,Omni,0,25.5,34.2,153.68,34.8
OPAL_185,5,Omni,0,25.5,35.1,104.32,34.8
OPAL_50,1,Carn,14,30.84,17.9,126.32,31
OPAL_50,1,Carn,14,30.84,18.8,132.13,31
OPAL_50,1,Carn,14,30.84,19.8,142.69,31
OPAL_50,1,Carn,14,30.84,21.2,152.79,31
OPAL_50,1,Carn,14,30.84,22,164.72,31
OPAL_50,1,Carn,14,30.84,22.9,177.71,31
OPAL_50,1,Carn,14,30.84,23.8,188.95,31
OPAL_50,1,Carn,14,30.84,24.8,200.02,31
OPAL_50,1,Carn,14,30.84,25.9,208.16,31
OPAL_50,1,Carn,14,30.84,26.8,217.79,31
OPAL_50,1,Carn,14,30.84,27.9,224.67,31
OPAL_50,1,Carn,14,30.84,28.8,232.79,31
OPAL_50,1,Carn,14,30.84,29.6,233.9,31
OPAL_50,1,Carn,14,30.84,30.6,234.26,31
OPAL_50,1,Carn,14,30.84,31.7,158.58,31
OPAL_2,1,Herb,0,54.61,13.2,65.13,26.8
OPAL_2,1,Herb,0,54.61,14,68.91,26.8
OPAL_2,1,Herb,0,54.61,15,73.28,26.8
OPAL_2,1,Herb,0,54.61,15.9,79.62,26.8
OPAL_2,1,Herb,0,54.61,17.1,89.48,26.8
OPAL_2,1,Herb,0,54.61,18.1,96.82,26.8
OPAL_2,1,Herb,0,54.61,18.9,101.74,26.8
OPAL_2,1,Herb,0,54.61,19.9,107.29,26.8
OPAL_2,1,Herb,0,54.61,21,115.08,26.8
OPAL_2,1,Herb,0,54.61,21.9,122.69,26.8
OPAL_2,1,Herb,0,54.61,22.8,127.74,26.8
OPAL_2,1,Herb,0,54.61,24.2,132.42,26.8
OPAL_2,1,Herb,0,54.61,25.1,133.35,26.8
OPAL_2,1,Herb,0,54.61,26.3,130.87,26.8
OPAL_2,1,Herb,0,54.61,27.3,92.43,26.8
OPAL_4,1,Omni,0,63.5,13.1,63.28,24.1
OPAL_4,1,Omni,0,63.5,14.2,70.74,24.1
OPAL_4,1,Omni,0,63.5,15.1,78.55,24.1
OPAL_4,1,Omni,0,63.5,16.3,87.02,24.1
OPAL_4,1,Omni,0,63.5,17.1,93.51,24.1
OPAL_4,1,Omni,0,63.5,18.1,100.91,24.1
OPAL_4,1,Omni,0,63.5,19.2,108.16,24.1
OPAL_4,1,Omni,0,63.5,20,115.47,24.1
OPAL_4,1,Omni,0,63.5,21,122.02,24.1
OPAL_4,1,Omni,0,63.5,21.9,128,24.1
OPAL_4,1,Omni,0,63.5,23,133.04,24.1
OPAL_4,1,Omni,0,63.5,24.1,133.66,24.1
OPAL_4,1,Omni,0,63.5,25.2,124.7,24.1
OPAL_52,2,Omni,0,25.63,12.2,62.56,28.9
OPAL_52,2,Omni,0,25.63,13,66.66,28.9
OPAL_52,2,Omni,0,25.63,13.8,73.13,28.9
OPAL_52,2,Omni,0,25.63,14.8,80.04,28.9
OPAL_52,2,Omni,0,25.63,15.7,86.63,28.9
OPAL_52,2,Omni,0,25.63,16.8,93.93,28.9
OPAL_52,2,Omni,0,25.63,17.8,102.67,28.9
OPAL_52,2,Omni,0,25.63,18.7,109.32,28.9
OPAL_52,2,Omni,0,25.63,19.5,115.7,28.9
OPAL_52,2,Omni,0,25.63,21,125.43,28.9
OPAL_52,2,Omni,0,25.63,21.8,130.86,28.9
OPAL_52,2,Omni,0,25.63,22.8,139.91,28.9
OPAL_52,2,Omni,0,25.63,23.8,146.42,28.9
OPAL_52,2,Omni,0,25.63,24.8,148.52,28.9
OPAL_52,2,Omni,0,25.63,25.7,149.63,28.9
OPAL_52,2,Omni,0,25.63,26.8,152.55,28.9
OPAL_52,2,Omni,0,25.63,27.8,154.38,28.9
OPAL_52,2,Omni,0,25.63,28.9,140.27,28.9
OPAL_52,2,Omni,0,25.63,29.8,130.68,28.9
OPAL_56,2,Herb,0,33.09,12.3,59.34,26.8
OPAL_56,2,Herb,0,33.09,12.6,61.45,26.8
OPAL_56,2,Herb,0,33.09,13.7,69.12,26.8
OPAL_56,2,Herb,0,33.09,14.8,76.82,26.8
OPAL_56,2,Herb,0,33.09,15.8,83.45,26.8
OPAL_56,2,Herb,0,33.09,19,104.23,26.8
OPAL_56,2,Herb,0,33.09,20.1,111.5,26.8
OPAL_56,2,Herb,0,33.09,21.1,118.4,26.8
OPAL_56,2,Herb,0,33.09,22,124.47,26.8
OPAL_56,2,Herb,0,33.09,23,131.49,26.8
OPAL_56,2,Herb,0,33.09,24,136.14,26.8
OPAL_56,2,Herb,0,33.09,24.9,140.75,26.8
OPAL_56,2,Herb,0,33.09,25.9,143.13,26.8
OPAL_56,2,Herb,0,33.09,26.8,133.84,26.8
OPAL_88,2,Herb,14,50.79,18.1,109.44,33.6
OPAL_88,2,Herb,14,50.79,18.6,112.96,33.6
OPAL_88,2,Herb,14,50.79,19.8,122.59,33.6
OPAL_88,2,Herb,14,50.79,21.1,133.13,33.6
OPAL_88,2,Herb,14,50.79,22.1,143.31,33.6
OPAL_88,2,Herb,14,50.79,23,150.07,33.6
OPAL_88,2,Herb,14,50.79,23.9,155.79,33.6
OPAL_88,2,Herb,14,50.79,25.1,160.73,33.6
OPAL_88,2,Herb,14,50.79,26.2,163.66,33.6
OPAL_88,2,Herb,14,50.79,26.9,165.08,33.6
OPAL_88,2,Herb,14,50.79,28,162.8,33.6
OPAL_88,2,Herb,14,50.79,29,164.67,33.6
OPAL_88,2,Herb,14,50.79,30.3,163.38,33.6
OPAL_88,2,Herb,14,50.79,30.6,164.31,33.6
OPAL_88,2,Herb,14,50.79,32.2,164.72,33.6
OPAL_88,2,Herb,14,50.79,33.2,161.96,33.6
OPAL_88,2,Herb,14,50.79,33.7,153.68,33.6
OPAL_88,2,Herb,14,50.79,34.9,142.81,33.6
OPAL_92,2,Omni,14,34.86,18.3,125.74,32.9
OPAL_92,2,Omni,14,34.86,18.9,129.51,32.9
OPAL_92,2,Omni,14,34.86,20,142.41,32.9
OPAL_92,2,Omni,14,34.86,21.1,152.08,32.9
OPAL_92,2,Omni,14,34.86,22,165.67,32.9
OPAL_92,2,Omni,14,34.86,23,175.88,32.9
OPAL_92,2,Omni,14,34.86,24.5,192.87,32.9
OPAL_92,2,Omni,14,34.86,25,199.84,32.9
OPAL_92,2,Omni,14,34.86,25.7,204.95,32.9
OPAL_92,2,Omni,14,34.86,26.6,214.5,32.9
OPAL_92,2,Omni,14,34.86,27.8,224.07,32.9
OPAL_92,2,Omni,14,34.86,28.8,236.08,32.9
OPAL_92,2,Omni,14,34.86,30,245.51,32.9
OPAL_92,2,Omni,14,34.86,31.1,252.33,32.9
OPAL_92,2,Omni,14,34.86,32,255.6,32.9
OPAL_92,2,Omni,14,34.86,33,184.21,32.9
OPAL_94,3,Omni,0,16.18,12,81.43,25
OPAL_94,3,Omni,0,16.18,12.8,85.17,25
OPAL_94,3,Omni,0,16.18,13.9,95.45,25
OPAL_94,3,Omni,0,16.18,15,105.16,25
OPAL_94,3,Omni,0,16.18,16.1,114.87,25
OPAL_94,3,Omni,0,16.18,16.9,124.7,25
OPAL_94,3,Omni,0,16.18,17.9,134.3,25
OPAL_94,3,Omni,0,16.18,18.8,142.85,25
OPAL_94,3,Omni,0,16.18,20,155.52,25
OPAL_94,3,Omni,0,16.18,20.9,165.48,25
OPAL_94,3,Omni,0,16.18,21.9,174.76,25
OPAL_94,3,Omni,0,16.18,22.9,181.86,25
OPAL_94,3,Omni,0,16.18,24,187.73,25
OPAL_94,3,Omni,0,16.18,25,191.01,25
OPAL_130,3,Carn,14,36.08,18.3,120.5,30.8
OPAL_130,3,Carn,14,36.08,19.1,126.33,30.8
OPAL_130,3,Carn,14,36.08,20.2,136.84,30.8
OPAL_130,3,Carn,14,36.08,21.1,146.56,30.8
OPAL_130,3,Carn,14,36.08,21.8,149.34,30.8
OPAL_130,3,Carn,14,36.08,23.2,161.4,30.8
OPAL_130,3,Carn,14,36.08,23.9,165.11,30.8
OPAL_130,3,Carn,14,36.08,25.8,173.38,30.8
OPAL_130,3,Carn,14,36.08,27,178.63,30.8
OPAL_130,3,Carn,14,36.08,27.8,183.03,30.8
OPAL_130,3,Carn,14,36.08,29,182.49,30.8
OPAL_130,3,Carn,14,36.08,30.1,177.46,30.8
OPAL_130,3,Carn,14,36.08,31.1,143.25,30.8
OPAL_134,4,Omni,0,47.7,12.6,68.28,28.4
OPAL_134,4,Omni,0,47.7,13,69.21,28.4
OPAL_134,4,Omni,0,47.7,13.9,74.66,28.4
OPAL_134,4,Omni,0,47.7,15.2,83.74,28.4
OPAL_134,4,Omni,0,47.7,16.3,91,28.4
OPAL_134,4,Omni,0,47.7,17,98.07,28.4
OPAL_134,4,Omni,0,47.7,17.9,105.31,28.4
OPAL_134,4,Omni,0,47.7,18.9,114.01,28.4
OPAL_134,4,Omni,0,47.7,19.7,121.17,28.4
OPAL_134,4,Omni,0,47.7,20.6,126.77,28.4
OPAL_134,4,Omni,0,47.7,21.8,136.29,28.4
OPAL_134,4,Omni,0,47.7,22.9,147,28.4
OPAL_134,4,Omni,0,47.7,23.8,149.72,28.4
OPAL_134,4,Omni,0,47.7,25,155.33,28.4
OPAL_134,4,Omni,0,47.7,25.9,158.41,28.4
OPAL_134,4,Omni,0,47.7,26.8,158.69,28.4
OPAL_134,4,Omni,0,47.7,27.7,154.1,28.4
OPAL_134,4,Omni,0,47.7,28.8,103.39,28.4
OPAL_138,4,Herb,0,33.42,12,65.42,28.9
OPAL_138,4,Herb,0,33.42,13.3,72.41,28.9
OPAL_138,4,Herb,0,33.42,14.1,79.77,28.9
OPAL_138,4,Herb,0,33.42,15.1,86.25,28.9
OPAL_138,4,Herb,0,33.42,16,92.71,28.9
OPAL_138,4,Herb,0,33.42,17,101.23,28.9
OPAL_138,4,Herb,0,33.42,18,110.76,28.9
OPAL_138,4,Herb,0,33.42,19,119.92,28.9
OPAL_138,4,Herb,0,33.42,20,128.77,28.9
OPAL_138,4,Herb,0,33.42,21.1,137.69,28.9
OPAL_138,4,Herb,0,33.42,21.9,145.43,28.9
OPAL_138,4,Herb,0,33.42,23,154.62,28.9
OPAL_138,4,Herb,0,33.42,24,167.81,28.9
OPAL_138,4,Herb,0,33.42,25.1,176.88,28.9
OPAL_138,4,Herb,0,33.42,26.2,183.5,28.9
OPAL_138,4,Herb,0,33.42,27,187.11,28.9
OPAL_138,4,Herb,0,33.42,27.8,188.04,28.9
OPAL_138,4,Herb,0,33.42,28.6,190.45,28.9
OPAL_138,4,Herb,0,33.42,29.8,197.26,28.9
OPAL_164,4,Omni,14,29.26,18.4,131.88,32.8
OPAL_164,4,Omni,14,29.26,18.9,136.8,32.8
OPAL_164,4,Omni,14,29.26,19.7,144.32,32.8
OPAL_164,4,Omni,14,29.26,20.7,156.17,32.8
OPAL_164,4,Omni,14,29.26,21.9,169.45,32.8
OPAL_164,4,Omni,14,29.26,23.1,186.47,32.8
OPAL_164,4,Omni,14,29.26,24.1,194.95,32.8
OPAL_164,4,Omni,14,29.26,25,206.44,32.8
OPAL_164,4,Omni,14,29.26,27,223.24,32.8
OPAL_164,4,Omni,14,29.26,28.1,231.85,32.8
OPAL_164,4,Omni,14,29.26,29,238.61,32.8
OPAL_164,4,Omni,14,29.26,29.9,242.52,32.8
OPAL_164,4,Omni,14,29.26,31.1,247.19,32.8
OPAL_164,4,Omni,14,29.26,32,241.81,32.8
OPAL_164,4,Omni,14,29.26,32.8,209.38,32.8
OPAL_178,5,Omni,0,21.97,13.2,79.19,27.5
OPAL_178,5,Omni,0,21.97,13.7,82.14,27.5
OPAL_178,5,Omni,0,21.97,14.2,85.31,27.5
OPAL_178,5,Omni,0,21.97,14.8,89.21,27.5
OPAL_178,5,Omni,0,21.97,15.7,94.52,27.5
OPAL_178,5,Omni,0,21.97,16.8,101.83,27.5
OPAL_178,5,Omni,0,21.97,18,110.17,27.5
OPAL_178,5,Omni,0,21.97,19,116.36,27.5
OPAL_178,5,Omni,0,21.97,20.1,122.72,27.5
OPAL_178,5,Omni,0,21.97,21.2,130.23,27.5
OPAL_178,5,Omni,0,21.97,22.2,136.72,27.5
OPAL_178,5,Omni,0,21.97,23.4,143.68,27.5
OPAL_178,5,Omni,0,21.97,24.3,148.51,27.5
OPAL_178,5,Omni,0,21.97,25.1,151.74,27.5
OPAL_178,5,Omni,0,21.97,25.9,154.29,27.5
OPAL_178,5,Omni,0,21.97,26.9,151.37,27.5
OPAL_178,5,Omni,0,21.97,27.9,105.22,27.5
OPAL_182,5,Herb,0,17.37,12.7,70.53,26.9
OPAL_182,5,Herb,0,17.37,13,71.83,26.9
OPAL_182,5,Herb,0,17.37,13.6,75.29,26.9
OPAL_182,5,Herb,0,17.37,14.5,80.62,26.9
OPAL_182,5,Herb,0,17.37,15.6,87.66,26.9
OPAL_182,5,Herb,0,17.37,16.7,95.81,26.9
OPAL_182,5,Herb,0,17.37,17.9,104.36,26.9
OPAL_182,5,Herb,0,17.37,19.1,112.51,26.9
OPAL_182,5,Herb,0,17.37,20.1,119.22,26.9
OPAL_182,5,Herb,0,17.37,21.2,126.31,26.9
OPAL_182,5,Herb,0,17.37,22.5,133.61,26.9
OPAL_182,5,Herb,0,17.37,23.2,137.13,26.9
OPAL_182,5,Herb,0,17.37,24,139.94,26.9
OPAL_182,5,Herb,0,17.37,25,144.53,26.9
OPAL_182,5,Herb,0,17.37,26.2,148.96,26.9
OPAL_182,5,Herb,0,17.37,27,142.94,26.9
OPAL_39,1,Herb,14,28.6,17.3,95.51,34.7
OPAL_39,1,Herb,14,28.6,17.8,102.56,34.7
OPAL_39,1,Herb,14,28.6,18.9,110.07,34.7
OPAL_39,1,Herb,14,28.6,19.8,116.96,34.7
OPAL_39,1,Herb,14,28.6,20.8,124.56,34.7
OPAL_39,1,Herb,14,28.6,21.8,132.84,34.7
OPAL_39,1,Herb,14,28.6,22.9,140.41,34.7
OPAL_39,1,Herb,14,28.6,24,148.93,34.7
OPAL_39,1,Herb,14,28.6,24.8,153.65,34.7
OPAL_39,1,Herb,14,28.6,26,158.63,34.7
OPAL_39,1,Herb,14,28.6,26.8,162.12,34.7
OPAL_39,1,Herb,14,28.6,27.9,155.84,34.7
OPAL_39,1,Herb,14,28.6,29,146.62,34.7
OPAL_39,1,Herb,14,28.6,29.3,149.36,34.7
OPAL_39,1,Herb,14,28.6,30,147.85,34.7
OPAL_39,1,Herb,14,28.6,31.9,155.33,34.7
OPAL_39,1,Herb,14,28.6,31.8,158.66,34.7
OPAL_39,1,Herb,14,28.6,32.9,165.14,34.7
OPAL_39,1,Herb,14,28.6,33.8,168.97,34.7
OPAL_39,1,Herb,14,28.6,34.7,167.8,34.7
OPAL_43,1,Omni,14,56.1,17.9,110.27,31
OPAL_43,1,Omni,14,56.1,18.5,114.34,31
OPAL_43,1,Omni,14,56.1,20,128.14,31
OPAL_43,1,Omni,14,56.1,21.1,139.85,31
OPAL_43,1,Omni,14,56.1,21.8,146.86,31
OPAL_43,1,Omni,14,56.1,22.8,153.24,31
OPAL_43,1,Omni,14,56.1,23.9,162.13,31
OPAL_43,1,Omni,14,56.1,25,172.79,31
OPAL_43,1,Omni,14,56.1,25.9,177.99,31
OPAL_43,1,Omni,14,56.1,27,184.93,31
OPAL_43,1,Omni,14,56.1,28.1,192.71,31
OPAL_43,1,Omni,14,56.1,29.2,200.52,31
OPAL_43,1,Omni,14,56.1,29.9,199.88,31
OPAL_43,1,Omni,14,56.1,30.7,197.81,31
OPAL_43,1,Omni,14,56.1,31.9,165.06,31
OPAL_47,1,Omni,14,35.2,19.1,133.05,32.1
OPAL_47,1,Omni,14,35.2,19.1,133.91,32.1
OPAL_47,1,Omni,14,35.2,20.2,151.48,32.1
OPAL_47,1,Omni,14,35.2,20.9,151.5,32.1
OPAL_47,1,Omni,14,35.2,21.9,160.37,32.1
OPAL_47,1,Omni,14,35.2,23.1,174.01,32.1
OPAL_47,1,Omni,14,35.2,24,184.72,32.1
OPAL_47,1,Omni,14,35.2,24.9,193.07,32.1
OPAL_47,1,Omni,14,35.2,25.9,202.31,32.1
OPAL_47,1,Omni,14,35.2,26.8,214.39,32.1
OPAL_47,1,Omni,14,35.2,27.7,221.36,32.1
OPAL_47,1,Omni,14,35.2,29.1,233.07,32.1
OPAL_47,1,Omni,14,35.2,29.8,236.75,32.1
OPAL_47,1,Omni,14,35.2,31,238.35,32.1
OPAL_47,1,Omni,14,35.2,32,186.02,32.1
OPAL_53,2,Herb,0,34.26,11.7,63.76,29.8
OPAL_53,2,Herb,0,34.26,12.5,69.16,29.8
OPAL_53,2,Herb,0,34.26,13.9,80.5,29.8
OPAL_53,2,Herb,0,34.26,15.3,91.24,29.8
OPAL_53,2,Herb,0,34.26,16.2,99.07,29.8
OPAL_53,2,Herb,0,34.26,17.3,107.98,29.8
OPAL_53,2,Herb,0,34.26,18.1,115.69,29.8
OPAL_53,2,Herb,0,34.26,19.2,125.83,29.8
OPAL_53,2,Herb,0,34.26,20.1,135.89,29.8
OPAL_53,2,Herb,0,34.26,21,143.76,29.8
OPAL_53,2,Herb,0,34.26,21.7,152.59,29.8
OPAL_53,2,Herb,0,34.26,22.9,162.5,29.8
OPAL_53,2,Herb,0,34.26,24.1,172.12,29.8
OPAL_53,2,Herb,0,34.26,25.1,180.8,29.8
OPAL_53,2,Herb,0,34.26,25.8,184.27,29.8
OPAL_53,2,Herb,0,34.26,26.8,190.84,29.8
OPAL_53,2,Herb,0,34.26,28.1,198.89,29.8
OPAL_53,2,Herb,0,34.26,29.2,197.51,29.8
OPAL_53,2,Herb,0,34.26,30.1,160.01,29.8
OPAL_81,2,Carn,14,36.47,18.4,112.66,32.7
OPAL_81,2,Carn,14,36.47,18.8,116.6,32.7
OPAL_81,2,Carn,14,36.47,20.1,128.81,32.7
OPAL_81,2,Carn,14,36.47,21,136.97,32.7
OPAL_81,2,Carn,14,36.47,21.5,142.88,32.7
OPAL_81,2,Carn,14,36.47,22.8,153.35,32.7
OPAL_81,2,Carn,14,36.47,24,166.04,32.7
OPAL_81,2,Carn,14,36.47,25,173.74,32.7
OPAL_81,2,Carn,14,36.47,26.1,184.42,32.7
OPAL_81,2,Carn,14,36.47,27.2,190.47,32.7
OPAL_81,2,Carn,14,36.47,28.2,200.71,32.7
OPAL_81,2,Carn,14,36.47,29,204.11,32.7
OPAL_81,2,Carn,14,36.47,29.7,208.94,32.7
OPAL_81,2,Carn,14,36.47,30.8,214.49,32.7
OPAL_81,2,Carn,14,36.47,32,215.03,32.7
OPAL_81,2,Carn,14,36.47,32.7,206.34,32.7
OPAL_81,2,Carn,14,36.47,33.4,153.41,32.7
OPAL_85,2,Omni,14,33.56,18.3,117.15,32.1
OPAL_85,2,Omni,14,33.56,19.1,121.41,32.1
OPAL_85,2,Omni,14,33.56,20,130.11,32.1
OPAL_85,2,Omni,14,33.56,21.2,138.43,32.1
OPAL_85,2,Omni,14,33.56,21.9,145.98,32.1
OPAL_85,2,Omni,14,33.56,22.9,156.13,32.1
OPAL_85,2,Omni,14,33.56,24.1,164.74,32.1
OPAL_85,2,Omni,14,33.56,25,178.85,32.1
OPAL_85,2,Omni,14,33.56,26.1,187.23,32.1
OPAL_85,2,Omni,14,33.56,26.9,194.97,32.1
OPAL_85,2,Omni,14,33.56,27.9,198.3,32.1
OPAL_85,2,Omni,14,33.56,29,203.21,32.1
OPAL_85,2,Omni,14,33.56,29.7,202.76,32.1
OPAL_85,2,Omni,14,33.56,30.9,197.83,32.1
OPAL_85,2,Omni,14,33.56,31.9,192.92,32.1
OPAL_85,2,Omni,14,33.56,32.3,169.78,32.1
OPAL_89,2,Herb,14,20.55,18.3,119.7,31.3
OPAL_89,2,Herb,14,20.55,18.9,123.54,31.3
OPAL_89,2,Herb,14,20.55,19.8,131.31,31.3
OPAL_89,2,Herb,14,20.55,20.8,139.76,31.3
OPAL_89,2,Herb,14,20.55,21.7,148.64,31.3
OPAL_89,2,Herb,14,20.55,22.7,156.07,31.3
OPAL_89,2,Herb,14,20.55,23.9,164.82,31.3
OPAL_89,2,Herb,14,20.55,24.8,173.31,31.3
OPAL_89,2,Herb,14,20.55,25.7,180.04,31.3
OPAL_89,2,Herb,14,20.55,26.7,187.08,31.3
OPAL_89,2,Herb,14,20.55,27.6,192.58,31.3
OPAL_89,2,Herb,14,20.55,28.7,197.97,31.3
OPAL_89,2,Herb,14,20.55,29.6,199.74,31.3
OPAL_89,2,Herb,14,20.55,30.9,199.88,31.3
OPAL_89,2,Herb,14,20.55,31.8,189.73,31.3
OPAL_95,3,Herb,0,20.04,12.6,74.71,30
OPAL_95,3,Herb,0,20.04,12.6,72.57,30
OPAL_95,3,Herb,0,20.04,13.6,78.7,30
OPAL_95,3,Herb,0,20.04,14.7,87.25,30
OPAL_95,3,Herb,0,20.04,15.8,96.02,30
OPAL_95,3,Herb,0,20.04,16.7,103.78,30
OPAL_95,3,Herb,0,20.04,17.8,113.36,30
OPAL_95,3,Herb,0,20.04,18.9,123.61,30
OPAL_95,3,Herb,0,20.04,19.8,133.68,30
OPAL_95,3,Herb,0,20.04,21.3,147.23,30
OPAL_95,3,Herb,0,20.04,21.8,153.69,30
OPAL_95,3,Herb,0,20.04,22.8,161.71,30
OPAL_95,3,Herb,0,20.04,23.8,170.73,30
OPAL_95,3,Herb,0,20.04,24.8,177.42,30
OPAL_95,3,Herb,0,20.04,25.7,183.57,30
OPAL_95,3,Herb,0,20.04,26.7,188.88,30
OPAL_95,3,Herb,0,20.04,28,193.39,30
OPAL_95,3,Herb,0,20.04,28.9,193.52,30
OPAL_95,3,Herb,0,20.04,29.9,189.02,30
OPAL_119,3,Herb,14,48.61,17.9,105.13,28.6
OPAL_119,3,Herb,14,48.61,18.8,111.03,28.6
OPAL_119,3,Herb,14,48.61,19.9,122.1,28.6
OPAL_119,3,Herb,14,48.61,20.9,132.16,28.6
OPAL_119,3,Herb,14,48.61,22,141.73,28.6
OPAL_119,3,Herb,14,48.61,22.8,148.47,28.6
OPAL_119,3,Herb,14,48.61,23.8,155.56,28.6
OPAL_119,3,Herb,14,48.61,25.1,161.65,28.6
OPAL_119,3,Herb,14,48.61,25.9,165.69,28.6
OPAL_119,3,Herb,14,48.61,26.8,166.87,28.6
OPAL_119,3,Herb,14,48.61,27.7,165.21,28.6
OPAL_119,3,Herb,14,48.61,28.7,161.7,28.6
OPAL_119,3,Herb,14,48.61,30.1,159.45,28.6
OPAL_123,3,Omni,14,22.76,17.9,117.47,32.5
OPAL_123,3,Omni,14,22.76,18.8,124.28,32.5
OPAL_123,3,Omni,14,22.76,19.7,131.61,32.5
OPAL_123,3,Omni,14,22.76,20.7,140.12,32.5
OPAL_123,3,Omni,14,22.76,21.8,150.09,32.5
OPAL_123,3,Omni,14,22.76,23,159.91,32.5
OPAL_123,3,Omni,14,22.76,24.4,174.94,32.5
OPAL_123,3,Omni,14,22.76,25,179.26,32.5
OPAL_123,3,Omni,14,22.76,26.1,186.76,32.5
OPAL_123,3,Omni,14,22.76,27.2,194.23,32.5
OPAL_123,3,Omni,14,22.76,28,200.05,32.5
OPAL_123,3,Omni,14,22.76,28.7,205.42,32.5
OPAL_123,3,Omni,14,22.76,29.8,211.65,32.5
OPAL_123,3,Omni,14,22.76,31,218.3,32.5
OPAL_123,3,Omni,14,22.76,31.5,221.09,32.5
OPAL_123,3,Omni,14,22.76,32.6,204.95,32.5
OPAL_127,3,Carn,14,61.1,18.8,112.79,29.7
OPAL_127,3,Carn,14,61.1,19.9,121.23,29.7
OPAL_127,3,Carn,14,61.1,21.1,130.83,29.7
OPAL_127,3,Carn,14,61.1,22,139.83,29.7
OPAL_127,3,Carn,14,61.1,22.9,146.98,29.7
OPAL_127,3,Carn,14,61.1,23.8,152,29.7
OPAL_127,3,Carn,14,61.1,24.9,157.6,29.7
OPAL_127,3,Carn,14,61.1,25.9,160.68,29.7
OPAL_127,3,Carn,14,61.1,26.9,169.88,29.7
OPAL_127,3,Carn,14,61.1,28,170.77,29.7
OPAL_127,3,Carn,14,61.1,28.2,168.15,29.7
OPAL_127,3,Carn,14,61.1,29.8,121.16,29.7
OPAL_131,3,Herb,14,28.84,18.2,101.56,28.5
OPAL_131,3,Herb,14,28.84,18.7,105.95,28.5
OPAL_131,3,Herb,14,28.84,19.9,114.54,28.5
OPAL_131,3,Herb,14,28.84,21.1,122.05,28.5
OPAL_131,3,Herb,14,28.84,21.8,129.67,28.5
OPAL_131,3,Herb,14,28.84,23.3,141.77,28.5
OPAL_131,3,Herb,14,28.84,24,144.62,28.5
OPAL_131,3,Herb,14,28.84,25,147.09,28.5
OPAL_131,3,Herb,14,28.84,26,159.94,28.5
OPAL_131,3,Herb,14,28.84,27.1,161.78,28.5
OPAL_131,3,Herb,14,28.84,28,163.69,28.5
OPAL_131,3,Herb,14,28.84,29.1,129.07,28.5
OPAL_135,3,Omni,14,10.95,18.1,125.25,29.5
OPAL_135,3,Omni,14,10.95,18.6,130.93,29.5
OPAL_135,3,Omni,14,10.95,19.9,143.44,29.5
OPAL_135,3,Omni,14,10.95,21.1,154.83,29.5
OPAL_135,3,Omni,14,10.95,22.1,166.02,29.5
OPAL_135,3,Omni,14,10.95,22.8,171.65,29.5
OPAL_135,3,Omni,14,10.95,23.8,181.26,29.5
OPAL_135,3,Omni,14,10.95,24.8,190.83,29.5
OPAL_135,3,Omni,14,10.95,25.6,196.39,29.5
OPAL_135,3,Omni,14,10.95,26.8,203.02,29.5
OPAL_135,3,Omni,14,10.95,27.9,208.08,29.5
OPAL_135,3,Omni,14,10.95,28.9,209.58,29.5
OPAL_135,3,Omni,14,10.95,29.7,168.76,29.5
OPAL_139,4,Carn,0,24.3,12.5,77.28,27.2
OPAL_139,4,Carn,0,24.3,13.4,83.05,27.2
OPAL_139,4,Carn,0,24.3,14.4,90.06,27.2
OPAL_139,4,Carn,0,24.3,15.3,95.6,27.2
OPAL_139,4,Carn,0,24.3,16.2,101.71,27.2
OPAL_139,4,Carn,0,24.3,17.3,109.52,27.2
OPAL_139,4,Carn,0,24.3,18.2,115.01,27.2
OPAL_139,4,Carn,0,24.3,19.1,124.04,27.2
OPAL_139,4,Carn,0,24.3,20.1,132.61,27.2
OPAL_139,4,Carn,0,24.3,21.3,143.29,27.2
OPAL_139,4,Carn,0,24.3,22.1,150.54,27.2
OPAL_139,4,Carn,0,24.3,23.2,159.23,27.2
OPAL_139,4,Carn,0,24.3,24.2,166.43,27.2
OPAL_139,4,Carn,0,24.3,25.3,171.79,27.2
OPAL_139,4,Carn,0,24.3,26.3,173.86,27.2
OPAL_139,4,Carn,0,24.3,27.3,168.74,27.2
OPAL_139,4,Carn,0,24.3,28.1,159.24,27.2
OPAL_167,4,Omni,14,15.16,17.9,124.67,29.2
OPAL_167,4,Omni,14,15.16,18.6,128.16,29.2
OPAL_167,4,Omni,14,15.16,19.9,138.48,29.2
OPAL_167,4,Omni,14,15.16,20.9,149.47,29.2
OPAL_167,4,Omni,14,15.16,21.7,157.38,29.2
OPAL_167,4,Omni,14,15.16,22.7,164.34,29.2
OPAL_167,4,Omni,14,15.16,23.9,177.95,29.2
OPAL_167,4,Omni,14,15.16,24.8,185.14,29.2
OPAL_167,4,Omni,14,15.16,26,193.32,29.2
OPAL_167,4,Omni,14,15.16,26.9,201.93,29.2
OPAL_167,4,Omni,14,15.16,27.8,204.72,29.2
OPAL_167,4,Omni,14,15.16,28.8,204.17,29.2
OPAL_167,4,Omni,14,15.16,29.9,188.66,29.2
OPAL_179,5,Herb,0,16.98,12.3,62.65,27.5
OPAL_179,5,Herb,0,16.98,13.1,67.34,27.5
OPAL_179,5,Herb,0,16.98,14.2,73.95,27.5
OPAL_179,5,Herb,0,16.98,15.2,80.62,27.5
OPAL_179,5,Herb,0,16.98,16.1,86.06,27.5
OPAL_179,5,Herb,0,16.98,17.4,95.09,27.5
OPAL_179,5,Herb,0,16.98,18.1,99.97,27.5
OPAL_179,5,Herb,0,16.98,18.9,105.36,27.5
OPAL_179,5,Herb,0,16.98,20.1,111.9,27.5
OPAL_179,5,Herb,0,16.98,21.1,118.51,27.5
OPAL_179,5,Herb,0,16.98,22.1,123.16,27.5
OPAL_179,5,Herb,0,16.98,23.2,125.83,27.5
OPAL_179,5,Herb,0,16.98,24.1,130.22,27.5
OPAL_179,5,Herb,0,16.98,25.1,139.54,27.5
OPAL_179,5,Herb,0,16.98,26.1,147.55,27.5
OPAL_179,5,Herb,0,16.98,26.9,153.45,27.5
OPAL_179,5,Herb,0,16.98,28,120.97,27.5
OPAL_183,5,Carn,0,21.96,11.5,67.99,29.8
OPAL_183,5,Carn,0,21.96,12.4,72.47,29.8
OPAL_183,5,Carn,0,21.96,13.6,82.41,29.8
OPAL_183,5,Carn,0,21.96,15.2,94.91,29.8
OPAL_183,5,Carn,0,21.96,16.4,106.8,29.8
OPAL_183,5,Carn,0,21.96,17.5,117.24,29.8
OPAL_183,5,Carn,0,21.96,17.8,119.13,29.8
OPAL_183,5,Carn,0,21.96,18.9,128.66,29.8
OPAL_183,5,Carn,0,21.96,19.9,139.63,29.8
OPAL_183,5,Carn,0,21.96,21.1,149.14,29.8
OPAL_183,5,Carn,0,21.96,22.2,158.96,29.8
OPAL_183,5,Carn,0,21.96,23.5,168.17,29.8
OPAL_183,5,Carn,0,21.96,24,173.28,29.8
OPAL_183,5,Carn,0,21.96,24.8,178.94,29.8
OPAL_183,5,Carn,0,21.96,25.9,185.41,29.8
OPAL_183,5,Carn,0,21.96,26.9,191.7,29.8
OPAL_183,5,Carn,0,21.96,28,196.85,29.8
OPAL_183,5,Carn,0,21.96,29.2,195.58,29.8
OPAL_183,5,Carn,0,21.96,29.8,134.57,29.8
OPAL_187,5,Carn,0,33.99,11.8,67.42,25.7
OPAL_187,5,Carn,0,33.99,13.3,73.92,25.7
OPAL_187,5,Carn,0,33.99,13.7,78.89,25.7
OPAL_187,5,Carn,0,33.99,15,88.86,25.7
OPAL_187,5,Carn,0,33.99,16,96.93,25.7
OPAL_187,5,Carn,0,33.99,17.1,104.51,25.7
OPAL_187,5,Carn,0,33.99,18,112.34,25.7
OPAL_187,5,Carn,0,33.99,18.9,118.71,25.7
OPAL_187,5,Carn,0,33.99,19.9,127.39,25.7
OPAL_187,5,Carn,0,33.99,20.9,137.49,25.7
OPAL_187,5,Carn,0,33.99,22.2,149.33,25.7
OPAL_187,5,Carn,0,33.99,23.1,157.52,25.7
OPAL_187,5,Carn,0,33.99,23.9,162.96,25.7
OPAL_187,5,Carn,0,33.99,24.9,164.87,25.7
OPAL_187,5,Carn,0,33.99,25.9,161.27,25.7
OPAL_187,5,Carn,0,33.99,26.9,153.24,25.7
OPAL_40,1,Omni,14,77.36,17.3,100.58,30.2
OPAL_40,1,Omni,14,77.36,17.8,108.56,30.2
OPAL_40,1,Omni,14,77.36,18.9,117.31,30.2
OPAL_40,1,Omni,14,77.36,19.8,125.72,30.2
OPAL_40,1,Omni,14,77.36,20.8,135.52,30.2
OPAL_40,1,Omni,14,77.36,21.8,141.85,30.2
OPAL_40,1,Omni,14,77.36,22.9,153.22,30.2
OPAL_40,1,Omni,14,77.36,24,165.8,30.2
OPAL_40,1,Omni,14,77.36,24.8,173.75,30.2
OPAL_40,1,Omni,14,77.36,26,184.49,30.2
OPAL_40,1,Omni,14,77.36,26.8,189.52,30.2
OPAL_40,1,Omni,14,77.36,27.9,194.9,30.2
OPAL_40,1,Omni,14,77.36,29,191.5,30.2
OPAL_40,1,Omni,14,77.36,29.3,193.24,30.2
OPAL_40,1,Omni,14,77.36,30,172.49,30.2
OPAL_44,1,Carn,14,65.5,17.9,121,31.1
OPAL_44,1,Carn,14,65.5,18.5,127.79,31.1
OPAL_44,1,Carn,14,65.5,20,141.41,31.1
OPAL_44,1,Carn,14,65.5,21.1,154.07,31.1
OPAL_44,1,Carn,14,65.5,21.8,164.1,31.1
OPAL_44,1,Carn,14,65.5,22.8,173.64,31.1
OPAL_44,1,Carn,14,65.5,23.9,184.43,31.1
OPAL_44,1,Carn,14,65.5,25,197.26,31.1
OPAL_44,1,Carn,14,65.5,25.9,205.37,31.1
OPAL_44,1,Carn,14,65.5,27,212.75,31.1
OPAL_44,1,Carn,14,65.5,28.1,219.81,31.1
OPAL_44,1,Carn,14,65.5,29.2,228.26,31.1
OPAL_44,1,Carn,14,65.5,29.9,222.89,31.1
OPAL_44,1,Carn,14,65.5,30.7,216.74,31.1
OPAL_44,1,Carn,14,65.5,31.9,170.39,31.1
OPAL_48,1,Carn,14,80.5,19.1,126.48,33.3
OPAL_48,1,Carn,14,80.5,19.1,129.16,33.3
OPAL_48,1,Carn,14,80.5,20.2,145.81,33.3
OPAL_48,1,Carn,14,80.5,20.9,145.8,33.3
OPAL_48,1,Carn,14,80.5,21.9,153.47,33.3
OPAL_48,1,Carn,14,80.5,23.1,165.55,33.3
OPAL_48,1,Carn,14,80.5,24,175.38,33.3
OPAL_48,1,Carn,14,80.5,24.9,183.08,33.3
OPAL_48,1,Carn,14,80.5,25.9,190.91,33.3
OPAL_48,1,Carn,14,80.5,26.8,199.96,33.3
OPAL_48,1,Carn,14,80.5,27.7,203.41,33.3
OPAL_48,1,Carn,14,80.5,29.1,211.3,33.3
OPAL_48,1,Carn,14,80.5,29.8,212.47,33.3
OPAL_48,1,Carn,14,80.5,31,214.45,33.3
OPAL_48,1,Carn,14,80.5,32,213.1,33.3
OPAL_48,1,Carn,14,80.5,32.7,200.61,33.3
OPAL_48,1,Carn,14,80.5,34.1,150.91,33.3
OPAL_6,1,Carn,0,68.3,11.8,56.87,25.6
OPAL_6,1,Carn,0,68.3,12,57.01,25.6
OPAL_6,1,Carn,0,68.3,12.8,61.48,25.6
OPAL_6,1,Carn,0,68.3,13.8,67.94,25.6
OPAL_6,1,Carn,0,68.3,15,76.28,25.6
OPAL_6,1,Carn,0,68.3,16,84,25.6
OPAL_6,1,Carn,0,68.3,17,91.82,25.6
OPAL_6,1,Carn,0,68.3,17.9,97.78,25.6
OPAL_6,1,Carn,0,68.3,18.9,105.97,25.6
OPAL_6,1,Carn,0,68.3,20,111.55,25.6
OPAL_6,1,Carn,0,68.3,20.9,118.08,25.6
OPAL_6,1,Carn,0,68.3,21.7,125.22,25.6
OPAL_6,1,Carn,0,68.3,22.8,128.92,25.6
OPAL_6,1,Carn,0,68.3,23.8,133.83,25.6
OPAL_6,1,Carn,0,68.3,25,133.76,25.6
OPAL_6,1,Carn,0,68.3,25.9,129.04,25.6
OPAL_54,2,Carn,0,38.33,11.7,56.53,28.2
OPAL_54,2,Carn,0,38.33,12.5,60.31,28.2
OPAL_54,2,Carn,0,38.33,13.9,69.53,28.2
OPAL_54,2,Carn,0,38.33,15.3,78.63,28.2
OPAL_54,2,Carn,0,38.33,16.2,85.42,28.2
OPAL_54,2,Carn,0,38.33,17.3,93.93,28.2
OPAL_54,2,Carn,0,38.33,18.1,99.48,28.2
OPAL_54,2,Carn,0,38.33,19.2,103.75,28.2
OPAL_54,2,Carn,0,38.33,20.1,115.13,28.2
OPAL_54,2,Carn,0,38.33,21,117.27,28.2
OPAL_54,2,Carn,0,38.33,21.7,121.28,28.2
OPAL_54,2,Carn,0,38.33,22.9,126.27,28.2
OPAL_54,2,Carn,0,38.33,24.1,132.08,28.2
OPAL_54,2,Carn,0,38.33,25.1,139.08,28.2
OPAL_54,2,Carn,0,38.33,25.8,139.93,28.2
OPAL_54,2,Carn,0,38.33,26.8,138.17,28.2
OPAL_54,2,Carn,0,38.33,28.1,133.22,28.2
OPAL_54,2,Carn,0,38.33,29.2,107.25,28.2
OPAL_78,2,Omni,14,43.9,17.9,124.84,32.5
OPAL_78,2,Omni,14,43.9,18.7,131.29,32.5
OPAL_78,2,Omni,14,43.9,20,145.48,32.5
OPAL_78,2,Omni,14,43.9,21.1,157.39,32.5
OPAL_78,2,Omni,14,43.9,21.9,166.64,32.5
OPAL_78,2,Omni,14,43.9,22.9,175.7,32.5
OPAL_78,2,Omni,14,43.9,24,185.29,32.5
OPAL_78,2,Omni,14,43.9,25.1,197.29,32.5
OPAL_78,2,Omni,14,43.9,26.1,211.36,32.5
OPAL_78,2,Omni,14,43.9,27,221.33,32.5
OPAL_78,2,Omni,14,43.9,28.1,230.5,32.5
OPAL_78,2,Omni,14,43.9,29.2,234.1,32.5
OPAL_78,2,Omni,14,43.9,30.1,237.95,32.5
OPAL_78,2,Omni,14,43.9,30.9,240.57,32.5
OPAL_78,2,Omni,14,43.9,31.9,240.58,32.5
OPAL_78,2,Omni,14,43.9,32.9,191.25,32.5
OPAL_82,2,Herb,14,23.49,18.4,106.39,29.1
OPAL_82,2,Herb,14,23.49,18.8,109.02,29.1
OPAL_82,2,Herb,14,23.49,20.1,119.25,29.1
OPAL_82,2,Herb,14,23.49,21,125.83,29.1
OPAL_82,2,Herb,14,23.49,21.5,130.36,29.1
OPAL_82,2,Herb,14,23.49,22.8,140.25,29.1
OPAL_82,2,Herb,14,23.49,24,148.47,29.1
OPAL_82,2,Herb,14,23.49,25,156.69,29.1
OPAL_82,2,Herb,14,23.49,26.1,163.13,29.1
OPAL_82,2,Herb,14,23.49,27.2,168.1,29.1
OPAL_82,2,Herb,14,23.49,28.2,169.85,29.1
OPAL_82,2,Herb,14,23.49,29,166.58,29.1
OPAL_82,2,Herb,14,23.49,29.7,128.49,29.1
OPAL_86,2,Carn,14,29.03,18.3,112.56,29.6
OPAL_86,2,Carn,14,29.03,19.1,116.46,29.6
OPAL_86,2,Carn,14,29.03,20,125.37,29.6
OPAL_86,2,Carn,14,29.03,21.2,135.56,29.6
OPAL_86,2,Carn,14,29.03,21.9,142.42,29.6
OPAL_86,2,Carn,14,29.03,22.9,149.92,29.6
OPAL_86,2,Carn,14,29.03,24.1,156.58,29.6
OPAL_86,2,Carn,14,29.03,25,164.09,29.6
OPAL_86,2,Carn,14,29.03,26.1,167.38,29.6
OPAL_86,2,Carn,14,29.03,26.9,172.36,29.6
OPAL_86,2,Carn,14,29.03,27.9,173.09,29.6
OPAL_86,2,Carn,14,29.03,29,174.3,29.6
OPAL_86,2,Carn,14,29.03,29.7,163.29,29.6
OPAL_90,2,Omni,14,52.23,18.3,120.79,33.8
OPAL_90,2,Omni,14,52.23,18.9,124.8,33.8
OPAL_90,2,Omni,14,52.23,19.8,135.56,33.8
OPAL_90,2,Omni,14,52.23,20.8,143.91,33.8
OPAL_90,2,Omni,14,52.23,21.7,152.22,33.8
OPAL_90,2,Omni,14,52.23,22.7,166.28,33.8
OPAL_90,2,Omni,14,52.23,23.9,174.19,33.8
OPAL_90,2,Omni,14,52.23,24.8,190.62,33.8
OPAL_90,2,Omni,14,52.23,25.7,199.52,33.8
OPAL_90,2,Omni,14,52.23,26.7,211.22,33.8
OPAL_90,2,Omni,14,52.23,27.6,218.36,33.8
OPAL_90,2,Omni,14,52.23,28.7,228.72,33.8
OPAL_90,2,Omni,14,52.23,29.6,234.12,33.8
OPAL_90,2,Omni,14,52.23,30.9,232.22,33.8
OPAL_90,2,Omni,14,52.23,31.8,238.82,33.8
OPAL_90,2,Omni,14,52.23,32.4,236.71,33.8
OPAL_90,2,Omni,14,52.23,34,186.65,33.8
OPAL_96,3,Carn,0,60.54,12.6,74.46,31.3
OPAL_96,3,Carn,0,60.54,12.6,71.71,31.3
OPAL_96,3,Carn,0,60.54,13.6,76.5,31.3
OPAL_96,3,Carn,0,60.54,14.7,85.37,31.3
OPAL_96,3,Carn,0,60.54,15.8,92.92,31.3
OPAL_96,3,Carn,0,60.54,16.7,101.17,31.3
OPAL_96,3,Carn,0,60.54,17.8,109.62,31.3
OPAL_96,3,Carn,0,60.54,18.9,119.97,31.3
OPAL_96,3,Carn,0,60.54,19.8,126.27,31.3
OPAL_96,3,Carn,0,60.54,21.3,137.93,31.3
OPAL_96,3,Carn,0,60.54,21.8,144.18,31.3
OPAL_96,3,Carn,0,60.54,22.8,150.54,31.3
OPAL_96,3,Carn,0,60.54,23.8,156.66,31.3
OPAL_96,3,Carn,0,60.54,24.8,161.74,31.3
OPAL_96,3,Carn,0,60.54,25.7,164.14,31.3
OPAL_96,3,Carn,0,60.54,26.7,166.68,31.3
OPAL_96,3,Carn,0,60.54,28,169.92,31.3
OPAL_96,3,Carn,0,60.54,28.9,172.6,31.3
OPAL_96,3,Carn,0,60.54,29.9,173.42,31.3
OPAL_96,3,Carn,0,60.54,31.4,164.75,31.3
OPAL_96,3,Carn,0,60.54,31.8,128.71,31.3
OPAL_120,3,Carn,14,34.44,17.9,119.14,32.2
OPAL_120,3,Carn,14,34.44,18.8,126.01,32.2
OPAL_120,3,Carn,14,34.44,19.9,138.42,32.2
OPAL_120,3,Carn,14,34.44,20.9,148.89,32.2
OPAL_120,3,Carn,14,34.44,22,162.5,32.2
OPAL_120,3,Carn,14,34.44,22.8,171.45,32.2
OPAL_120,3,Carn,14,34.44,23.8,182.08,32.2
OPAL_120,3,Carn,14,34.44,25.1,192.85,32.2
OPAL_120,3,Carn,14,34.44,25.9,200.61,32.2
OPAL_120,3,Carn,14,34.44,26.8,204.89,32.2
OPAL_120,3,Carn,14,34.44,27.7,210.04,32.2
OPAL_120,3,Carn,14,34.44,28.7,215.32,32.2
OPAL_120,3,Carn,14,34.44,30.1,223.3,32.2
OPAL_120,3,Carn,14,34.44,30.9,225.33,32.2
OPAL_120,3,Carn,14,34.44,31.9,214.73,32.2
OPAL_120,3,Carn,14,34.44,33.1,164.71,32.2
OPAL_124,3,Herb,14,43.57,17.9,113.22,29.7
OPAL_124,3,Herb,14,43.57,18.8,119.69,29.7
OPAL_124,3,Herb,14,43.57,19.7,127.31,29.7
OPAL_124,3,Herb,14,43.57,20.7,135.36,29.7
OPAL_124,3,Herb,14,43.57,21.8,144.06,29.7
OPAL_124,3,Herb,14,43.57,23,152.16,29.7
OPAL_124,3,Herb,14,43.57,25,165.52,29.7
OPAL_124,3,Herb,14,43.57,26.1,168.36,29.7
OPAL_124,3,Herb,14,43.57,27.2,170.04,29.7
OPAL_124,3,Herb,14,43.57,28,170.37,29.7
OPAL_124,3,Herb,14,43.57,28.7,170.17,29.7
OPAL_124,3,Herb,14,43.57,29.8,159.16,29.7
OPAL_128,3,Omni,14,38.56,18.8,125.18,32.8
OPAL_128,3,Omni,14,38.56,18.8,124.78,32.8
OPAL_128,3,Omni,14,38.56,19.9,135.44,32.8
OPAL_128,3,Omni,14,38.56,21.1,145.55,32.8
OPAL_128,3,Omni,14,38.56,22,154.89,32.8
OPAL_128,3,Omni,14,38.56,22.9,163.41,32.8
OPAL_128,3,Omni,14,38.56,23.8,170.79,32.8
OPAL_128,3,Omni,14,38.56,24.9,179.39,32.8
OPAL_128,3,Omni,14,38.56,25.9,189.7,32.8
OPAL_128,3,Omni,14,38.56,26.9,197.9,32.8
OPAL_128,3,Omni,14,38.56,28,205.03,32.8
OPAL_128,3,Omni,14,38.56,28.2,202.83,32.8
OPAL_128,3,Omni,14,38.56,29.8,208.06,32.8
OPAL_128,3,Omni,14,38.56,31.2,198.66,32.8
OPAL_128,3,Omni,14,38.56,32.1,181.6,32.8
OPAL_128,3,Omni,14,38.56,33,177.93,32.8
OPAL_132,3,Carn,14,57.72,18.2,121.86,31.4
OPAL_132,3,Carn,14,57.72,18.7,125.63,31.4
OPAL_132,3,Carn,14,57.72,19.9,136.06,31.4
OPAL_132,3,Carn,14,57.72,21.1,145.45,31.4
OPAL_132,3,Carn,14,57.72,21.8,153.53,31.4
OPAL_132,3,Carn,14,57.72,23.3,167.2,31.4
OPAL_132,3,Carn,14,57.72,24,175.13,31.4
OPAL_132,3,Carn,14,57.72,25,182.1,31.4
OPAL_132,3,Carn,14,57.72,26,187.08,31.4
OPAL_132,3,Carn,14,57.72,27.1,196.67,31.4
OPAL_132,3,Carn,14,57.72,28,202.46,31.4
OPAL_132,3,Carn,14,57.72,29.1,205.61,31.4
OPAL_132,3,Carn,14,57.72,30.3,207.17,31.4
OPAL_132,3,Carn,14,57.72,31.1,196.3,31.4
OPAL_132,3,Carn,14,57.72,31.8,177.66,31.4
OPAL_136,3,Herb,14,38.86,18.1,109.83,36.5
OPAL_136,3,Herb,14,38.86,18.6,112.73,36.5
OPAL_136,3,Herb,14,38.86,19.9,123.41,36.5
OPAL_136,3,Herb,14,38.86,21.1,133.54,36.5
OPAL_136,3,Herb,14,38.86,22.1,141.93,36.5
OPAL_136,3,Herb,14,38.86,22.8,148.7,36.5
OPAL_136,3,Herb,14,38.86,23.8,156.2,36.5
OPAL_136,3,Herb,14,38.86,24.8,162.46,36.5
OPAL_136,3,Herb,14,38.86,25.6,166.86,36.5
OPAL_136,3,Herb,14,38.86,26.8,172.51,36.5
OPAL_136,3,Herb,14,38.86,27.9,176.07,36.5
OPAL_136,3,Herb,14,38.86,28.9,178.13,36.5
OPAL_136,3,Herb,14,38.86,29.7,177.65,36.5
OPAL_136,3,Herb,14,38.86,30.5,175.34,36.5
OPAL_136,3,Herb,14,38.86,31.6,178.8,36.5
OPAL_136,3,Herb,14,38.86,32.8,181.52,36.5
OPAL_136,3,Herb,14,38.86,34.1,188.99,36.5
OPAL_136,3,Herb,14,38.86,35.4,192.66,36.5
OPAL_136,3,Herb,14,38.86,35.1,195.89,36.5
OPAL_136,3,Herb,14,38.86,36.5,169.42,36.5
OPAL_140,4,Omni,0,46.3,12.5,71.55,30.4
OPAL_140,4,Omni,0,46.3,13.4,78.27,30.4
OPAL_140,4,Omni,0,46.3,14.4,85.71,30.4
OPAL_140,4,Omni,0,46.3,15.3,92.34,30.4
OPAL_140,4,Omni,0,46.3,16.2,99.64,30.4
OPAL_140,4,Omni,0,46.3,17.3,108.23,30.4
OPAL_140,4,Omni,0,46.3,18.2,115.43,30.4
OPAL_140,4,Omni,0,46.3,19.1,123.58,30.4
OPAL_140,4,Omni,0,46.3,20.1,132.98,30.4
OPAL_140,4,Omni,0,46.3,21.3,143.36,30.4
OPAL_140,4,Omni,0,46.3,22.1,149.53,30.4
OPAL_140,4,Omni,0,46.3,23.2,159.9,30.4
OPAL_140,4,Omni,0,46.3,24.2,168.62,30.4
OPAL_140,4,Omni,0,46.3,25.3,177.59,30.4
OPAL_140,4,Omni,0,46.3,26.3,184.85,30.4
OPAL_140,4,Omni,0,46.3,27.3,191.09,30.4
OPAL_140,4,Omni,0,46.3,28.1,193.91,30.4
OPAL_140,4,Omni,0,46.3,28.8,194.44,30.4
OPAL_140,4,Omni,0,46.3,29.8,193.16,30.4
OPAL_140,4,Omni,0,46.3,31.5,137.92,30.4
OPAL_161,4,Omni,14,55.95,18.4,130.17,31.9
OPAL_161,4,Omni,14,55.95,19,134.16,31.9
OPAL_161,4,Omni,14,55.95,20.2,145.96,31.9
OPAL_161,4,Omni,14,55.95,21,155.1,31.9
OPAL_161,4,Omni,14,55.95,22.1,167.31,31.9
OPAL_161,4,Omni,14,55.95,23.1,178.79,31.9
OPAL_161,4,Omni,14,55.95,24,188.88,31.9
OPAL_161,4,Omni,14,55.95,24.9,200.72,31.9
OPAL_161,4,Omni,14,55.95,25.9,211.03,31.9
OPAL_161,4,Omni,14,55.95,26.6,216.7,31.9
OPAL_161,4,Omni,14,55.95,27.6,226,31.9
OPAL_161,4,Omni,14,55.95,28.7,230.41,31.9
OPAL_161,4,Omni,14,55.95,29.9,236.4,31.9
OPAL_161,4,Omni,14,55.95,31,242.85,31.9
OPAL_161,4,Omni,14,55.95,31.7,180.69,31.9
OPAL_166a,4,Herb,14,48.9,18.4,114.67,32
OPAL_166a,4,Herb,14,48.9,18.9,118.75,32
OPAL_166a,4,Herb,14,48.9,19.9,126.11,32
OPAL_166a,4,Herb,14,48.9,21.2,136.03,32
OPAL_166a,4,Herb,14,48.9,22.2,145.06,32
OPAL_166a,4,Herb,14,48.9,23.5,153.58,32
OPAL_166a,4,Herb,14,48.9,24.2,158.09,32
OPAL_166a,4,Herb,14,48.9,25,160.19,32
OPAL_166a,4,Herb,14,48.9,25.8,160.34,32
OPAL_166a,4,Herb,14,48.9,26.5,160.97,32
OPAL_166a,4,Herb,14,48.9,27.9,161.5,32
OPAL_166a,4,Herb,14,48.9,29,161.89,32
OPAL_166a,4,Herb,14,48.9,30.2,154.75,32
OPAL_166a,4,Herb,14,48.9,31,146.73,32
OPAL_166a,4,Herb,14,48.9,32,142.54,32
OPAL_168,4,Carn,14,14.1,17.9,123.92,30.7
OPAL_168,4,Carn,14,14.1,18.6,127.08,30.7
OPAL_168,4,Carn,14,14.1,19.9,138.23,30.7
OPAL_168,4,Carn,14,14.1,20.9,149.6,30.7
OPAL_168,4,Carn,14,14.1,21.7,156.29,30.7
OPAL_168,4,Carn,14,14.1,22.7,161.78,30.7
OPAL_168,4,Carn,14,14.1,23.9,170.15,30.7
OPAL_168,4,Carn,14,14.1,24.8,175.52,30.7
OPAL_168,4,Carn,14,14.1,26,189.24,30.7
OPAL_168,4,Carn,14,14.1,26.9,194.61,30.7
OPAL_168,4,Carn,14,14.1,27.8,201.47,30.7
OPAL_168,4,Carn,14,14.1,28.8,205.83,30.7
OPAL_168,4,Carn,14,14.1,29.9,205.12,30.7
OPAL_168,4,Carn,14,14.1,31.1,146.41,30.7
OPAL_184,5,Herb,0,39.57,11.5,54.83,28.1
OPAL_184,5,Herb,0,39.57,12.4,57.37,28.1
OPAL_184,5,Herb,0,39.57,13.6,64.35,28.1
OPAL_184,5,Herb,0,39.57,15.2,74.68,28.1
OPAL_184,5,Herb,0,39.57,16.4,84.54,28.1
OPAL_184,5,Herb,0,39.57,17.5,91.62,28.1
OPAL_184,5,Herb,0,39.57,17.8,89.84,28.1
OPAL_184,5,Herb,0,39.57,18.9,96.85,28.1
OPAL_184,5,Herb,0,39.57,19.9,105.14,28.1
OPAL_184,5,Herb,0,39.57,21.1,115.02,28.1
OPAL_184,5,Herb,0,39.57,22.2,125.78,28.1
OPAL_184,5,Herb,0,39.57,23.5,138.35,28.1
OPAL_184,5,Herb,0,39.57,24,142.32,28.1
OPAL_184,5,Herb,0,39.57,24.8,148.59,28.1
OPAL_184,5,Herb,0,39.57,25.9,153.98,28.1
OPAL_184,5,Herb,0,39.57,26.9,150.86,28.1
OPAL_184,5,Herb,0,39.57,28,127.87,28.1
OPAL_188,5,Herb,0,31.81,11.8,61.63,30.3
OPAL_188,5,Herb,0,31.81,13.3,68.51,30.3
OPAL_188,5,Herb,0,31.81,13.7,73.26,30.3
OPAL_188,5,Herb,0,31.81,15,82.49,30.3
OPAL_188,5,Herb,0,31.81,16,90.62,30.3
OPAL_188,5,Herb,0,31.81,17.1,98.88,30.3
OPAL_188,5,Herb,0,31.81,18,106.51,30.3
OPAL_188,5,Herb,0,31.81,18.9,113.24,30.3
OPAL_188,5,Herb,0,31.81,19.9,120.68,30.3
OPAL_188,5,Herb,0,31.81,20.9,128.6,30.3
OPAL_188,5,Herb,0,31.81,22.2,138.76,30.3
OPAL_188,5,Herb,0,31.81,23.1,146.41,30.3
OPAL_188,5,Herb,0,31.81,23.9,154.88,30.3
OPAL_188,5,Herb,0,31.81,24.9,162.55,30.3
OPAL_188,5,Herb,0,31.81,25.9,170.13,30.3
OPAL_188,5,Herb,0,31.81,26.9,176.54,30.3
OPAL_188,5,Herb,0,31.81,28.2,183.14,30.3
OPAL_188,5,Herb,0,31.81,29,181.54,30.3
OPAL_188,5,Herb,0,31.81,30,171.64,30.3
OPAL_188,5,Herb,0,31.81,30.8,131.12,30.3
OPAL_171,4,Herb,14,11.22,18.9,122.71,35.5
OPAL_171,4,Herb,14,11.22,19,123.91,35.5
OPAL_171,4,Herb,14,11.22,19.5,127.15,35.5
OPAL_171,4,Herb,14,11.22,19.9,131.81,35.5
OPAL_171,4,Herb,14,11.22,20.9,141.49,35.5
OPAL_171,4,Herb,14,11.22,22,151.84,35.5
OPAL_171,4,Herb,14,11.22,23,162.88,35.5
OPAL_171,4,Herb,14,11.22,24,170.64,35.5
OPAL_171,4,Herb,14,11.22,25.2,180.15,35.5
OPAL_171,4,Herb,14,11.22,26,189.77,35.5
OPAL_171,4,Herb,14,11.22,27.1,196.81,35.5
OPAL_171,4,Herb,14,11.22,27.8,198,35.5
OPAL_171,4,Herb,14,11.22,28.9,199.99,35.5
OPAL_171,4,Herb,14,11.22,30.1,202.27,35.5
OPAL_171,4,Herb,14,11.22,31.3,203.71,35.5
OPAL_171,4,Herb,14,11.22,31.9,203.95,35.5
OPAL_171,4,Herb,14,11.22,32.6,208.93,35.5
OPAL_171,4,Herb,14,11.22,33.8,214.03,35.5
OPAL_171,4,Herb,14,11.22,35,216.87,35.5
OPAL_171,4,Herb,14,11.22,35.8,202.61,35.5